fiscal_year,measure,band,observations,conversions,conversion_rate,conversion_rate_ci_lower,conversion_rate_ci_upper,fiscal_year_baseline_rate,lift_vs_fiscal_year,lift_ci_lower,lift_ci_upper
2023,Current annual giving,Under $250,45345,4,0.00008821,0.00003430,0.00022681,0.00055036,0.1603,0.0623,0.4121
2023,Current annual giving,$250–499,1631,8,0.00490497,0.00248749,0.00964913,0.00055036,8.9123,4.5198,17.5325
2023,Current annual giving,"$500–1,199",266,14,0.05263158,0.03160709,0.08639352,0.00055036,95.6316,57.4301,156.9770
2023,Three-year total giving,Under $500,43372,7,0.00016139,0.00007818,0.00033314,0.00055036,0.2933,0.1421,0.6053
2023,Three-year total giving,$500–999,3621,9,0.00248550,0.00130820,0.00471729,0.00055036,4.5162,2.3770,8.5713
2023,Three-year total giving,"$1,000+",249,10,0.04016064,0.02195832,0.07233578,0.00055036,72.9719,39.8983,131.4341
2024,Current annual giving,Under $250,51802,5,0.00009652,0.00004123,0.00022595,0.00046518,0.2075,0.0886,0.4857
2024,Current annual giving,$250–499,1716,4,0.00233100,0.00090684,0.00597836,0.00046518,5.0110,1.9495,12.8518
2024,Current annual giving,"$500–1,199",225,16,0.07111111,0.04424225,0.11237911,0.00046518,152.8690,95.1084,241.5836
2024,Three-year total giving,Under $500,49680,5,0.00010064,0.00004299,0.00023560,0.00046518,0.2164,0.0924,0.5065
2024,Three-year total giving,$500–999,3819,5,0.00130924,0.00055936,0.00306137,0.00046518,2.8145,1.2025,6.5811
2024,Three-year total giving,"$1,000+",244,15,0.06147541,0.03760530,0.09893948,0.00046518,132.1549,80.8409,212.6922
2025,Current annual giving,Under $250,51299,10,0.00019494,0.00010589,0.00035883,0.00093876,0.2077,0.1128,0.3822
2025,Current annual giving,$250–499,1752,20,0.01141553,0.00740188,0.01756704,0.00093876,12.1603,7.8848,18.7131
2025,Current annual giving,"$500–1,199",211,20,0.09478673,0.06219901,0.14186523,0.00093876,100.9706,66.2569,151.1205
2025,Three-year total giving,Under $500,49008,12,0.00024486,0.00014008,0.00042798,0.00093876,0.2608,0.1492,0.4559
2025,Three-year total giving,$500–999,4020,20,0.00497512,0.00322300,0.00767242,0.00093876,5.2997,3.4333,8.1730
2025,Three-year total giving,"$1,000+",234,18,0.07692308,0.04920877,0.11830390,0.00093876,81.9415,52.4192,126.0220
