measure,band,observations,conversions,conversion_rate,conversion_rate_ci_lower,conversion_rate_ci_upper,lift_vs_overall,lift_ci_lower,lift_ci_upper
Current annual giving,$0,55683,2,0.00003592,0.00000985,0.00013096,0.0549,0.0150,0.2000
Current annual giving,$1–24,23042,4,0.00017360,0.00006751,0.00044631,0.2651,0.1031,0.6816
Current annual giving,$25–49,2579,1,0.00038775,0.00006845,0.00219319,0.5922,0.1045,3.3494
Current annual giving,$50–99,42670,8,0.00018749,0.00009501,0.00036995,0.2863,0.1451,0.5650
Current annual giving,$100–249,24472,4,0.00016345,0.00006357,0.00042024,0.2496,0.0971,0.6418
Current annual giving,$250–499,5099,32,0.00627574,0.00444903,0.00884581,9.5843,6.7945,13.5093
Current annual giving,"$500–1,199",702,50,0.07122507,0.05444135,0.09267590,108.7748,83.1427,141.5345
Three-year total giving,$0–99,75947,7,0.00009217,0.00004465,0.00019026,0.1408,0.0682,0.2906
Three-year total giving,$100–249,45485,8,0.00017588,0.00008913,0.00034706,0.2686,0.1361,0.5300
Three-year total giving,$250–499,20628,9,0.00043630,0.00022956,0.00082907,0.6663,0.3506,1.2661
Three-year total giving,$500–749,9932,21,0.00211438,0.00138340,0.00323035,3.2291,2.1127,4.9334
Three-year total giving,$750–999,1528,13,0.00850785,0.00497876,0.01450202,12.9932,7.6036,22.1474
Three-year total giving,"$1,000–1,499",608,28,0.04605263,0.03205194,0.06575356,70.3315,48.9497,100.4187
Three-year total giving,"$1,500+",119,15,0.12605042,0.07789721,0.19759169,192.5040,118.9645,301.7616
