measure,band,observations,conversions,conversion_rate,lift_vs_overall,cluster_bootstrap_rate_ci_lower,cluster_bootstrap_rate_ci_upper,cluster_bootstrap_lift_ci_lower,cluster_bootstrap_lift_ci_upper,donor_clusters,bootstrap_replicates,successful_replicates,random_seed
Current annual giving,$0,55683,2,0.00003592,0.0549,0.00000000,0.00008985,0.0000,0.1372,60372,1000,1000,20261005
Current annual giving,$1–24,23042,4,0.00017360,0.2651,0.00004290,0.00034877,0.0603,0.5497,60372,1000,1000,20261005
Current annual giving,$25–49,2579,1,0.00038775,0.5922,0.00000000,0.00118531,0.0000,1.8393,60372,1000,1000,20261005
Current annual giving,$50–99,42670,8,0.00018749,0.2863,0.00007033,0.00030704,0.1111,0.4773,60372,1000,1000,20261005
Current annual giving,$100–249,24472,4,0.00016345,0.2496,0.00004059,0.00033461,0.0600,0.5109,60372,1000,1000,20261005
Current annual giving,$250–499,5099,32,0.00627574,9.5843,0.00426777,0.00857067,7.0078,12.6458,60372,1000,1000,20261005
Current annual giving,"$500–1,199",702,50,0.07122507,108.7748,0.05354365,0.08981060,87.5536,132.0731,60372,1000,1000,20261005
Three-year total giving,$0–99,75947,7,0.00009217,0.1408,0.00002627,0.00017016,0.0436,0.2506,60372,1000,1000,20261005
Three-year total giving,$100–249,45485,8,0.00017588,0.2686,0.00006579,0.00028804,0.0962,0.4409,60372,1000,1000,20261005
Three-year total giving,$250–499,20628,9,0.00043630,0.6663,0.00019250,0.00073044,0.2916,1.1077,60372,1000,1000,20261005
Three-year total giving,$500–749,9932,21,0.00211438,3.2291,0.00122930,0.00307472,2.0536,4.6080,60372,1000,1000,20261005
Three-year total giving,$750–999,1528,13,0.00850785,12.9932,0.00434651,0.01397218,7.0034,20.3897,60372,1000,1000,20261005
Three-year total giving,"$1,000–1,499",608,28,0.04605263,70.3315,0.03051648,0.06210377,48.9868,91.7672,60372,1000,1000,20261005
Three-year total giving,"$1,500+",119,15,0.12605042,192.5040,0.07017544,0.18383959,108.6292,280.9095,60372,1000,1000,20261005
