feature,missing_count,missing_rate,observed_unique_values_capped,unique_value_count_is_capped,constant_in_cohort
constituent_id,0,0.000000,1001,True,False
fiscal_year,0,0.000000,3,False,False
primary_constituent_type,0,0.000000,12,False,False
address_state,0,0.000000,43,False,False
gender,0,0.000000,3,False,False
direct_giving,0,0.000000,320,False,False
recurring_direct_giving,0,0.000000,86,False,False
outright_direct_giving,0,0.000000,270,False,False
soft_credit_giving,0,0.000000,291,False,False
annual_giving,0,0.000000,197,False,False
nonrecurring_recognized_giving,0,0.000000,223,False,False
direct_payment_count,0,0.000000,17,False,False
recurring_payment_count,0,0.000000,14,False,False
outright_payment_count,0,0.000000,5,False,False
soft_credit_count,0,0.000000,2,False,False
max_direct_payment,0,0.000000,393,False,False
major_in_fy,0,0.000000,1,False,True
first_observed_major_in_fy,0,0.000000,1,False,True
recurring_alone_reaches_threshold,0,0.000000,1,False,True
left_censored_major_at_entry,0,0.000000,1,False,True
prior_observed_major,0,0.000000,1,False,True
eligibility_segment,0,0.000000,2,False,False
eligible_for_next_fy_scoring,0,0.000000,1,False,True
next_fy_conversion,0,0.000000,2,False,False
next_fy_outcome_observed,0,0.000000,1,False,True
history_years_available,0,0.000000,3,False,False
rolling_years_available,0,0.000000,1,False,True
annual_giving_3yr_total,0,0.000000,933,False,False
annual_giving_3yr_mean,0,0.000000,933,False,False
direct_giving_3yr_total,0,0.000000,999,False,False
soft_credit_giving_3yr_total,0,0.000000,490,False,False
recurring_giving_3yr_total,0,0.000000,349,False,False
nonrecurring_giving_3yr_total,0,0.000000,792,False,False
direct_payment_count_3yr,0,0.000000,46,False,False
giving_years_3yr,0,0.000000,4,False,False
max_direct_payment_3yr,0,0.000000,435,False,False
giving_change_vs_prior_fy,0,0.000000,644,False,False
years_since_last_positive_giving,0,0.000000,4,False,False
threshold_gap_current_fy,0,0.000000,197,False,False
campaign_solicitations_fy,0,0.000000,211,False,False
campaign_responses_fy,0,0.000000,6,False,False
campaign_response_rate_fy,0,0.000000,386,False,False
major_gift_solicitations_fy,0,0.000000,1,False,True
upgrade_solicitations_fy,0,0.000000,1,False,True
renewal_solicitations_fy,0,0.000000,1,False,True
lapsed_solicitations_fy,0,0.000000,1,False,True
acquisition_solicitations_fy,0,0.000000,211,False,False
digital_solicitations_fy,0,0.000000,39,False,False
campaign_solicitations_3yr,0,0.000000,293,False,False
campaign_responses_3yr,0,0.000000,11,False,False
campaign_response_rate_3yr,0,0.000000,791,False,False
major_gift_solicitations_3yr,0,0.000000,1,False,True
upgrade_solicitations_3yr,0,0.000000,1,False,True
passport_observed_fy,0,0.000000,2,False,False
passport_titles_viewed_fy,0,0.000000,164,False,False
passport_genres_viewed_fy,0,0.000000,10,False,False
passport_weighted_mean_percent_watched_fy,98703,0.639902,1001,True,False
passport_active_years_3yr,0,0.000000,4,False,False
passport_titles_viewed_3yr,0,0.000000,264,False,False
passport_genres_viewed_3yr,0,0.000000,11,False,False
passport_weighted_mean_percent_watched_3yr,45890,0.297510,1001,True,False
cultivation_selected_fy,0,0.000000,2,False,False
cultivation_contacted_fy,0,0.000000,2,False,False
cultivation_holdout_fy,0,0.000000,2,False,False
cultivation_program_adopted_fy,0,0.000000,2,False,False
cultivation_portfolio_id_fy,151429,0.981731,9,False,False
cultivation_officer_id_fy,151429,0.981731,9,False,False
cultivation_portfolio_capacity_fy,151429,0.981731,2,False,False
cultivation_portfolio_rollout_fy,151779,0.984000,5,False,False
cultivation_selected_3yr,0,0.000000,4,False,False
cultivation_contacted_3yr,0,0.000000,4,False,False
cultivation_holdout_3yr,0,0.000000,4,False,False
has_linked_legacy_history,0,0.000000,2,False,False
legacy_first_fy,65033,0.421616,36,False,False
legacy_last_fy,65033,0.421616,25,False,False
legacy_linked_gift_rows,0,0.000000,138,False,False
legacy_linked_giving_years,0,0.000000,27,False,False
legacy_linked_sustaining_rows,0,0.000000,112,False,False
legacy_linked_upgrade_rows,0,0.000000,26,False,False
years_since_last_legacy_gift,65033,0.421616,28,False,False
