feature,next_fy_conversion,nonmissing_count,missing_count,mean,minimum,p25,median,p75,maximum
annual_giving,False,154146,0,57.126439,0.000000,0.000000,15.000000,72.000000,1080.000000
annual_giving,True,101,0,389.455446,0.000000,250.000000,298.000000,600.000000,617.000000
annual_giving_3yr_total,False,154146,0,165.522576,0.000000,15.000000,120.000000,216.000000,2040.000000
annual_giving_3yr_total,True,101,0,894.158416,0.000000,500.000000,750.000000,1450.000000,1817.000000
annual_giving_3yr_mean,False,154146,0,55.174425,0.000000,5.000000,40.000000,72.000000,680.000000
annual_giving_3yr_mean,True,101,0,298.052475,0.000000,166.670000,250.000000,483.330000,605.670000
direct_giving_3yr_total,False,154146,0,160.773079,0.000000,14.000000,112.000000,216.000000,2040.000000
direct_giving_3yr_total,True,101,0,661.237624,0.000000,370.000000,574.000000,892.000000,1800.000000
soft_credit_giving_3yr_total,False,154146,0,4.749497,0.000000,0.000000,0.000000,0.000000,1800.000000
soft_credit_giving_3yr_total,True,101,0,232.920792,0.000000,0.000000,0.000000,406.000000,1800.000000
recurring_giving_3yr_total,False,154146,0,117.626925,0.000000,0.000000,55.000000,170.000000,1680.000000
recurring_giving_3yr_total,True,101,0,162.762376,0.000000,0.000000,165.000000,240.000000,720.000000
nonrecurring_giving_3yr_total,False,154146,0,47.895651,0.000000,8.000000,15.000000,36.000000,1800.000000
nonrecurring_giving_3yr_total,True,101,0,731.396040,0.000000,190.000000,570.000000,1271.000000,1800.000000
direct_payment_count_3yr,False,154146,0,15.701692,0.000000,1.000000,12.000000,36.000000,45.000000
direct_payment_count_3yr,True,101,0,21.603960,0.000000,4.000000,25.000000,38.000000,44.000000
giving_years_3yr,False,154146,0,1.881781,0.000000,1.000000,2.000000,3.000000,3.000000
giving_years_3yr,True,101,0,2.772277,0.000000,3.000000,3.000000,3.000000,3.000000
max_direct_payment_3yr,False,154146,0,26.942087,0.000000,5.000000,9.000000,20.000000,600.000000
max_direct_payment_3yr,True,101,0,252.782178,0.000000,106.000000,250.000000,408.000000,600.000000
giving_change_vs_prior_fy,False,154146,0,1.781344,-620.000000,0.000000,0.000000,0.000000,620.000000
giving_change_vs_prior_fy,True,101,0,114.960396,-339.000000,0.000000,0.000000,251.000000,600.000000
years_since_last_positive_giving,False,154146,0,0.673751,0.000000,0.000000,0.000000,1.000000,3.000000
years_since_last_positive_giving,True,101,0,0.049505,0.000000,0.000000,0.000000,0.000000,3.000000
threshold_gap_current_fy,False,154146,0,1142.873561,120.000000,1128.000000,1185.000000,1200.000000,1200.000000
threshold_gap_current_fy,True,101,0,810.544554,583.000000,600.000000,902.000000,950.000000,1200.000000
campaign_solicitations_3yr,False,154146,0,28.913348,0.000000,6.000000,21.000000,40.000000,398.000000
campaign_solicitations_3yr,True,101,0,44.821782,2.000000,23.000000,40.000000,61.000000,188.000000
campaign_responses_3yr,False,154146,0,0.676813,0.000000,0.000000,0.000000,1.000000,10.000000
campaign_responses_3yr,True,101,0,1.544554,0.000000,1.000000,1.000000,2.000000,6.000000
campaign_response_rate_3yr,False,154146,0,0.026487,0.000000,0.000000,0.000000,0.032258,1.000000
campaign_response_rate_3yr,True,101,0,0.046646,0.000000,0.012821,0.032258,0.055556,0.285714
major_gift_solicitations_3yr,False,154146,0,0.000000,0.000000,0.000000,0.000000,0.000000,0.000000
major_gift_solicitations_3yr,True,101,0,0.000000,0.000000,0.000000,0.000000,0.000000,0.000000
upgrade_solicitations_3yr,False,154146,0,0.000000,0.000000,0.000000,0.000000,0.000000,0.000000
upgrade_solicitations_3yr,True,101,0,0.000000,0.000000,0.000000,0.000000,0.000000,0.000000
passport_active_years_3yr,False,154146,0,1.037030,0.000000,0.000000,1.000000,2.000000,3.000000
passport_active_years_3yr,True,101,0,1.079208,0.000000,0.000000,1.000000,2.000000,3.000000
passport_titles_viewed_3yr,False,154146,0,33.986960,0.000000,0.000000,22.000000,55.000000,310.000000
passport_titles_viewed_3yr,True,101,0,42.594059,0.000000,0.000000,30.000000,75.000000,188.000000
passport_genres_viewed_3yr,False,154146,0,3.105251,0.000000,0.000000,3.000000,5.000000,10.000000
passport_genres_viewed_3yr,True,101,0,3.475248,0.000000,0.000000,4.000000,6.000000,9.000000
passport_weighted_mean_percent_watched_3yr,False,108285,45861,0.726436,0.005518,0.622139,0.764427,0.864181,1.000000
passport_weighted_mean_percent_watched_3yr,True,72,29,0.704630,0.243849,0.608155,0.733170,0.835722,0.988450
cultivation_contacted_3yr,False,154146,0,0.035421,0.000000,0.000000,0.000000,0.000000,3.000000
cultivation_contacted_3yr,True,101,0,1.326733,0.000000,0.000000,1.000000,2.000000,3.000000
legacy_linked_gift_rows,False,154146,0,8.580417,0.000000,0.000000,2.000000,11.000000,177.000000
legacy_linked_gift_rows,True,101,0,20.356436,0.000000,5.000000,15.000000,30.000000,109.000000
legacy_linked_giving_years,False,154146,0,2.506539,0.000000,0.000000,1.000000,4.000000,32.000000
legacy_linked_giving_years,True,101,0,7.128713,0.000000,2.000000,6.000000,11.000000,22.000000
years_since_last_legacy_gift,False,89126,65020,6.861825,3.000000,4.000000,5.000000,7.000000,30.000000
years_since_last_legacy_gift,True,88,13,5.659091,3.000000,4.000000,5.000000,5.000000,20.000000
